Tp1,Tp2,Toff,Tstart,L1,L2,L3,R1
7.58e-05,2e-06,5e-06,0.0,0.0011774,0.00012067,0.00075,5.7543