Target,R2,RMSE
undershoot_pulse_1,0.824859948941902,5.638523114546412
undershoot_pulse_2,0.8226187970787388,5.685007053296235
current_fall_time_pulse1,0.7484290131830549,3.1507798672912124e-09
current_fall_time_pulse2,0.6897094940489618,3.445720278973151e-09
current_rise_time_pulse2,0.5605499829793221,7.657960538601682e-09
voltage_rise_time_pulse2,0.23799611106302354,1.849319804111501e-09
