Target,R2,RMSE
current_fall_time_pulse2,0.7626895198139273,4.896871265262824e-09
current_fall_time_pulse1,0.7535621734659166,4.960259521533985e-09
voltage_fall_time_pulse2,0.6372261967123586,1.286940366280749e-09
voltage_fall_time_pulse1,0.6319340938071706,1.2948502570989678e-09
overshoot_pulse_1,0.49403036482176943,10.167623458621938
undershoot_pulse_1,0.4551311278864385,6.3272043157008735
undershoot_pulse_2,0.40200342851446613,6.476134428887299
