Target,R2,RMSE
current_fall_time_pulse1,0.9554392736541144,2.3294939984940884e-09
current_fall_time_pulse2,0.9524538654057855,2.4016135197177965e-09
overshoot_pulse_1,0.6824242078825898,8.467502868067715
undershoot_pulse_2,0.3731056241112741,5.717313643658697
undershoot_pulse_1,0.3322420415286077,5.928062316140064
overshoot_pulse_2,0.19532686731225168,16.42060459428439
current_rise_time_pulse1,0.023211749894201827,2.153508911336054e-08
