Target,R2,RMSE
current_fall_time_pulse2,0.7995691808041147,2.769351141235461e-09
current_fall_time_pulse1,0.7814830667878391,2.936502219815765e-09
undershoot_pulse_2,0.08689376498511492,12.898460086757401
undershoot_pulse_1,0.04079331481188608,13.195587400997892
voltage_rise_time_pulse2,0.034632674423371035,2.0815158596984975e-09
